benchmark_name,N,B1,B2,reps,cycles,instructions,L1-dcache-loads,L1-dcache-load-misses,L2-loads,L2-load-misses,LLC-loads,LLC-load-misses
numpy_add,1024,0,0,30,1061417907,1219510341,323517984,34866294,10422593,1795817,10422593,1795817
numba_naive_add,1024,0,0,30,1981619372,2320489532,643678628,57297605,18795125,3610396,18795123,3610394
numba_parallel_naive_add,1024,0,0,30,2690169190,2508115826,692857595,58205369,19409958,5798840,19409956,5798838
numba_tiled_add,1024,4,0,30,2197789363,3213745624,826981494,59822653,14735698,2301943,14735698,2301943
numba_parallel_tiled_add,1024,4,0,30,2827570513,3172709875,799023388,60638927,15413805,2523912,15413805,2523912
numba_tiled_add,1024,8,0,30,2219860650,2996612615,752250074,69583973,14753775,2263844,14753774,2263843
numba_parallel_tiled_add,1024,8,0,30,2860385424,2929694343,733870171,67913536,15286744,2444625,15286744,2444625
numba_tiled2_add,1024,8,4,30,2252709206,3290934509,857511212,70442175,14688747,2232770,14688747,2232770
numba_tiled_add,1024,16,0,30,2213569807,2913774651,721051026,69058012,14875762,2303063,14875762,2303063
numba_parallel_tiled_add,1024,16,0,30,3135025839,2912156965,729616978,71580023,15240745,2389776,15240720,2389751
numba_tiled2_add,1024,16,4,30,2232306101,3254781685,848197465,70130400,15068732,2337496,15068732,2337496
numba_tiled2_add,1024,16,8,30,2243117458,3020245834,764319733,75619986,14800580,2337671,14800579,2337670
numba_tiled_add,1024,32,0,30,2471042129,2701225135,686427200,64485359,15590658,2334734,15590654,2334730
numba_parallel_tiled_add,1024,32,0,30,3130239584,2798117249,699890989,64092990,15976450,2467325,15976450,2467325
numba_tiled2_add,1024,32,4,30,2248873485,3241617435,844823594,65412328,15935510,2357743,15935509,2357742
numba_tiled2_add,1024,32,8,30,2224222758,3013068127,762568011,72783571,16020356,2349722,16020356,2349722
numba_tiled2_add,1024,32,16,30,2251044423,2921458584,726268393,69343543,16165228,2362741,16165227,2362740
numba_tiled_add,1024,64,0,30,2427249044,2642664760,665440217,60898076,15639427,2315353,15639425,2315351
numba_parallel_tiled_add,1024,64,0,30,3211962220,2764133683,691300660,61570210,16111535,2556889,16111533,2556887
numba_tiled2_add,1024,64,4,30,2257515024,3240277159,844322196,62274702,15764957,2333890,15764955,2333888
numba_tiled2_add,1024,64,8,30,2263999162,3013033380,762419684,68721452,15686209,2344739,15686209,2344739
numba_tiled2_add,1024,64,16,30,2259438022,2917364814,725487800,69582877,16406972,2421189,16406972,2421189
numba_tiled2_add,1024,64,32,30,2491964520,2704402360,694107782,64436680,16079697,2303486,16079697,2303486
numba_tiled_add,1024,128,0,30,2469362090,2606417869,653133426,58971744,15004531,2363448,15004528,2363445
numba_parallel_tiled_add,1024,128,0,30,3450420765,3266399051,823598555,59714892,15888277,3228219,15888277,3228219
numba_tiled2_add,1024,128,4,30,2297837865,3238450949,843777209,61058237,15136737,2599847,15136734,2599844
numba_tiled2_add,1024,128,8,30,2311067489,3005065320,760577215,68115134,15080226,2822852,15080226,2822852
numba_tiled2_add,1024,128,16,30,2359365390,2919851584,725867816,69380532,15611717,3061225,15611717,3061225
numba_tiled2_add,1024,128,32,30,2510419986,2711740496,696041412,64449320,15859685,2594347,15859684,2594346
numba_tiled2_add,1024,128,64,30,2472693375,2645548592,669419633,60867414,15566404,2428561,15566403,2428560
numba_tiled_add,1024,256,0,30,2496091185,2596192193,648797457,58386421,14841376,2429230,14841374,2429228
numba_parallel_tiled_add,1024,256,0,30,3189777641,3665741372,928910707,59163492,15178205,2523247,15178204,2523246
numba_tiled2_add,1024,256,4,30,2226040324,3239348779,844021839,60532612,15134188,2431122,15134188,2431122
numba_tiled2_add,1024,256,8,30,2244973944,3005988217,760761728,70023092,14850159,2413313,14850157,2413311
numba_tiled2_add,1024,256,16,30,2256169894,2914113070,724445087,68028935,15057072,2397994,15057071,2397993
numba_tiled2_add,1024,256,32,30,2494308558,2704629219,694175720,63461568,15477391,2356787,15477391,2356787
numba_tiled2_add,1024,256,64,30,2458939996,2649977197,670320315,60500676,15677144,2394852,15677142,2394850
numba_tiled2_add,1024,256,128,30,2437893464,2612351236,656344811,58904770,15398748,2451832,15398747,2451831
numpy_mul,1024,0,0,30,7858530061,17203754101,6753629246,499912704,53508550,3422781,53508549,3422780
numba_naive_mul,1024,0,0,30,195152833507,144494643196,67257558482,33477256977,36984707536,17196572,36984707535,17196571
numba_naive_mul_transposed,1024,0,0,30,132912634638,119463600605,67240010574,4224956262,91364258,3143166,91364257,3143165
numba_parallel_naive_mul,1024,0,0,30,210194851949,150171981188,67689527368,33472095421,37081384402,7068560,37081384401,7068559
numba_parallel_naive_mul_transposed,1024,0,0,30,133152225788,120273556151,67495282010,4225440956,92965739,2484147,92965738,2484146
numba_tiled_mul,1024,4,0,30,227485614620,751700894472,154148614161,12582851475,2450214323,4093383,2450214322,4093382
numba_tiled_mul_transposed,1024,4,0,30,188708476487,683009363279,162981095176,2250592055,71987990,3473799,71987990,3473799
numba_parallel_tiled_mul,1024,4,0,30,213221278632,701934366084,144196250489,9812735824,2230758885,3282088,2230758885,3282088
numba_parallel_tiled_mul_transposed,1024,4,0,30,210628488310,794195758327,258015044149,2225987326,54180032,2598203,54180031,2598202
numba_tiled_mul,1024,8,0,30,159825150580,565352026177,102558003541,9936194016,623292648,4245540,623292647,4245539
numba_tiled_mul_transposed,1024,8,0,30,141188542470,502393412447,106777202476,2998488615,35746049,2733165,35746048,2733164
numba_parallel_tiled_mul,1024,8,0,30,157892482071,543705413482,98320882949,9972896433,654274195,3973784,654274195,3973784
numba_parallel_tiled_mul_transposed,1024,8,0,30,156100463862,567611722655,153539260367,3356643077,39334785,2573250,39334783,2573248
numba_tiled2_mul,1024,8,4,30,215196449976,776381174808,159915041361,10672955121,580612960,3346473,580612960,3346473
numba_tiled2_mul_transposed,1024,8,4,30,191800528163,701991121264,169077213197,2143658478,60048384,3160526,60048384,3160526
numba_parallel_tiled2_mul,1024,8,4,30,243048619539,870272788264,213912338525,11293145569,601717014,3512493,601717014,3512493
numba_parallel_tiled2_mul_transposed,1024,8,4,30,196905887734,717231998591,168465858632,1967630688,48869770,2736269,48869769,2736268
numba_tiled_mul,1024,16,0,30,142446603793,491327112312,83231943080,29876884335,332774403,3772814,332774402,3772813
numba_tiled_mul_transposed,1024,16,0,30,122839029464,430850060793,85315714210,9479243939,33702642,2732755,33702641,2732754
numba_parallel_tiled_mul,1024,16,0,30,143855114654,481974392910,81465771717,29845254649,384831506,3151265,384831504,3151263
numba_parallel_tiled_mul_transposed,1024,16,0,30,130556315346,476016660729,108668446771,11509916112,46734123,2661125,46734122,2661124
numba_tiled2_mul,1024,16,4,30,210671379420,762174300350,156439744240,11939823552,226687346,3676822,226687344,3676820
numba_tiled2_mul_transposed,1024,16,4,30,190233849799,687513670166,165412748056,3121129474,108713515,3594004,108713515,3594004
numba_parallel_tiled2_mul,1024,16,4,30,237929777750,853457485755,209692234834,10839556433,255344939,3475351,255344939,3475351
numba_parallel_tiled2_mul_transposed,1024,16,4,30,195053709904,700041646106,164001159169,2759964588,83605905,2810465,83605904,2810464
numba_tiled2_mul,1024,16,8,30,159196371224,568165034578,103276541271,8371535298,235143069,3917555,235143069,3917555
numba_tiled2_mul_transposed,1024,16,8,30,140560496792,501649619962,107540486296,9079831733,60807915,2878564,60807913,2878562
numba_parallel_tiled2_mul,1024,16,8,30,182839573948,641387273893,129120379494,9551164463,276149263,3099353,276149261,3099351
numba_parallel_tiled2_mul_transposed,1024,16,8,30,144461602382,517368882643,104884692795,3174687787,51621583,3362572,51621581,3362570
numba_tiled_mul,1024,32,0,30,163814150647,458118902340,74876323440,33838775520,1566319032,3724353,1566319030,3724351
numba_tiled_mul_transposed,1024,32,0,30,122040315075,398734523057,75901834151,7672158982,58007050,2500127,58007050,2500127
numba_parallel_tiled_mul,1024,32,0,30,157967282297,454489122882,74258851331,33214903076,1214089380,5724691,1214089380,5724691
numba_parallel_tiled_mul_transposed,1024,32,0,30,127420226609,434334806708,87700214572,7654543214,120654915,2779685,120654913,2779683
numba_tiled2_mul,1024,32,4,30,213636219440,756928216566,155177657772,11020552431,913743640,2870048,913743640,2870048
numba_tiled2_mul_transposed,1024,32,4,30,187038922500,682130161785,164076282410,2092286398,112948971,2934813,112948971,2934813
numba_parallel_tiled2_mul,1024,32,4,30,239556227998,846821311211,208021708754,11330843858,542561297,4381314,542561296,4381313
numba_parallel_tiled2_mul_transposed,1024,32,4,30,190677108360,693192648568,162233489779,1594769398,96390603,2915280,96390602,2915279
numba_tiled2_mul,1024,32,8,30,159233452212,566389299733,102841999522,9995437443,522207220,3077872,522207219,3077871
numba_tiled2_mul_transposed,1024,32,8,30,139096826206,499830740087,107080001253,3438951138,71039021,2734054,71039020,2734053
numba_parallel_tiled2_mul,1024,32,8,30,182692720818,639191765920,128568874370,10793294570,396008262,3463398,396008261,3463397
numba_parallel_tiled2_mul_transposed,1024,32,8,30,142849222667,515195057380,104320368921,3477195278,81827122,2804942,81827121,2804941
numba_tiled2_mul,1024,32,16,30,142758343195,491610192636,83320842694,30054610838,332650284,3660085,332650284,3660085
numba_tiled2_mul_transposed,1024,32,16,30,123301770091,429183867657,85408596478,10478756714,95539216,2687209,95539216,2687209
numba_parallel_tiled2_mul,1024,32,16,30,165632363698,557680116067,96262692105,33272717155,301008296,3478543,301008296,3478543
numba_parallel_tiled2_mul_transposed,1024,32,16,30,126182075707,449480341102,83870619525,9497668020,58518686,2688433,58518685,2688432
numba_tiled_mul,1024,64,0,30,202995577094,442349485106,70988686048,34116681029,35686575103,13410455,35686575102,13410454
numba_tiled_mul_transposed,1024,64,0,30,139733708420,383487404594,71487476499,5888159457,642899274,2620379,642899273,2620378
numba_parallel_tiled_mul,1024,64,0,30,240766980676,441390736100,70901757443,34230749632,33971199328,10422920,33971199328,10422920
numba_parallel_tiled_mul_transposed,1024,64,0,30,144053508900,414630963473,77607428662,5831469537,933598129,2771519,933598127,2771517
numba_tiled2_mul,1024,64,4,30,226051713972,754687587410,154633782118,12189264255,2466432703,3165948,2466432702,3165947
numba_tiled2_mul_transposed,1024,64,4,30,185985601544,679808674276,163494772402,1701298606,204337901,3062606,204337900,3062605
numba_parallel_tiled2_mul,1024,64,4,30,249067769799,843899603255,207278751222,10886453400,2232181714,3771600,2232181713,3771599
numba_parallel_tiled2_mul_transposed,1024,64,4,30,189299562857,690197052992,161454092421,1505252580,273213060,2879791,273213059,2879790
numba_tiled2_mul,1024,64,8,30,159213713822,565730332301,102683811358,8322170956,583007332,3220594,583007331,3220593
numba_tiled2_mul_transposed,1024,64,8,30,139084952207,499151705934,106911806352,2801672828,123816557,2708005,123816557,2708005
numba_parallel_tiled2_mul,1024,64,8,30,183685705251,638501120109,128396534420,10616448743,671949106,3457878,671949105,3457877
numba_parallel_tiled2_mul_transposed,1024,64,8,30,142620331296,514357800140,104104436448,3225325027,155621257,2883981,155621256,2883980
numba_tiled2_mul,1024,64,16,30,143269276906,491389151474,83266515062,29918842321,341002171,3332554,341002171,3332554
numba_tiled2_mul_transposed,1024,64,16,30,123697446875,428964794618,85352790108,11362701190,110666232,2809515,110666230,2809513
numba_parallel_tiled2_mul,1024,64,16,30,166119463239,557626036051,96251683478,33239659874,407498666,4398990,407498666,4398990
numba_parallel_tiled2_mul_transposed,1024,64,16,30,126664027190,449366208926,83841495875,11471957109,84579082,2972170,84579078,2972166
numba_tiled2_mul,1024,64,32,30,160456486493,458127228670,74884625129,33649667016,1577465423,3215761,1577465422,3215760
numba_tiled2_mul_transposed,1024,64,32,30,122741479430,397752777292,75915035500,7727945560,119603472,2600646,119603472,2600646
numba_parallel_tiled2_mul,1024,64,32,30,179073773266,521248675160,81595592364,34490605961,1466762419,6559970,1466762419,6559970
numba_parallel_tiled2_mul_transposed,1024,64,32,30,126850833535,420946074520,75257353810,7686344717,118265976,2692448,118265975,2692447
numba_tiled_mul,1024,128,0,30,209518737188,434634138680,69106385295,33764567027,36547686776,18494848,36547686776,18494848
numba_tiled_mul_transposed,1024,128,0,30,137451201274,376037201387,69344662783,4752092316,382444224,2888480,382444224,2888480
numba_parallel_tiled_mul,1024,128,0,30,264713306702,435064102988,69300865890,33826639922,34505140317,9090548,34505140317,9090548
numba_parallel_tiled_mul_transposed,1024,128,0,30,141723278889,404818076568,72594164143,4946775759,393324779,3637088,393324774,3637083
numba_tiled2_mul,1024,128,4,30,219273799485,753628755849,154373365711,12304330915,2534199684,3695819,2534199684,3695819
numba_tiled2_mul_transposed,1024,128,4,30,184134642011,678724507536,163220092434,1546339418,123424672,3142193,123424672,3142193
numba_parallel_tiled2_mul,1024,128,4,30,248729088815,842491612272,206917809389,10812604546,2351218718,5205799,2351218717,5205798
numba_parallel_tiled2_mul_transposed,1024,128,4,30,187542194190,688720335769,161067095481,1254706147,148391872,3601139,148391868,3601135
numba_tiled2_mul,1024,128,8,30,157991086011,565450860391,102615762508,8153436774,601541603,3447449,601541599,3447445
numba_tiled2_mul_transposed,1024,128,8,30,138393376326,498867403407,106840321342,2713924520,72983947,2802575,72983945,2802573
numba_parallel_tiled2_mul,1024,128,8,30,183872596007,638135083722,128303597936,10599011329,733324692,4130084,733324692,4130084
numba_parallel_tiled2_mul_transposed,1024,128,8,30,141811420617,513839862021,103969490211,3093258082,71765142,3727821,71765141,3727820
numba_tiled2_mul,1024,128,16,30,142913305398,491307552267,83247094584,29967916365,402185339,3658774,402185337,3658772
numba_tiled2_mul_transposed,1024,128,16,30,122179426399,428875055261,85330491269,9467644720,50288339,2885052,50288338,2885051
numba_parallel_tiled2_mul,1024,128,16,30,166029479671,557300869537,96167277152,33233833313,400241050,4276133,400241050,4276133
numba_parallel_tiled2_mul_transposed,1024,128,16,30,126293642405,449003029005,83746777858,11585031726,61559933,3785104,61559930,3785101
numba_tiled2_mul,1024,128,32,30,161073571824,458097929573,74877716285,33713208911,1624275947,4157580,1624275945,4157578
numba_tiled2_mul_transposed,1024,128,32,30,121623132025,397720315557,75906776192,6679080401,81934387,2705956,81934387,2705956
numba_parallel_tiled2_mul,1024,128,32,30,179625362337,521122470665,81562678841,34520572234,1656763109,4569404,1656763108,4569403
numba_parallel_tiled2_mul_transposed,1024,128,32,30,126479709810,420817040575,75223580623,7655880887,93933805,3356902,93933801,3356898
numba_tiled2_mul,1024,128,64,30,209067657311,442371976267,70995848508,34143929328,34343080006,16889369,34343080006,16889369
numba_tiled2_mul_transposed,1024,128,64,30,138155785279,382976166830,71489487439,5373688653,645740432,2757715,645740432,2757715
numba_parallel_tiled2_mul,1024,128,64,30,267230115990,503869787803,74561839034,34235405227,31254618403,6154197,31254618403,6154197
numba_parallel_tiled2_mul_transposed,1024,128,64,30,144236266960,407878219382,71368975497,5833921963,933786441,3360246,933786440,3360245
numba_tiled_mul,1024,256,0,30,212759725241,430826976228,68182367481,33601833504,36471762177,68777947,36471762177,68777947
numba_tiled_mul_transposed,1024,256,0,30,136855096038,372358381026,68289569081,4642888863,224572970,2969410,224572969,2969409
numba_parallel_tiled_mul,1024,256,0,30,247653410441,431795442248,68477261934,33630313619,36148032968,14758387,36148032968,14758387
numba_parallel_tiled_mul_transposed,1024,256,0,30,138701791768,400043877795,70127730575,4644428556,226781263,3214563,226781260,3214560
numba_tiled2_mul,1024,256,4,30,218426699631,753124025378,154248362304,12237441485,2536086970,5983455,2536086970,5983455
numba_tiled2_mul_transposed,1024,256,4,30,183669832288,678205022956,163087202716,1494598309,123506917,4638852,123506915,4638850
numba_parallel_tiled2_mul,1024,256,4,30,246007153342,841789622846,206736728578,10876384656,2349421540,5198712,2349421540,5198712
numba_parallel_tiled2_mul_transposed,1024,256,4,30,185988487282,688032500098,160886222917,1428869469,105128133,3388086,105128132,3388085
numba_tiled2_mul,1024,256,8,30,158962838796,565317411421,102582975688,9520112233,645466867,5129729,645466865,5129727
numba_tiled2_mul_transposed,1024,256,8,30,137911233264,498726512598,106804618679,2935042549,48041217,2877876,48041217,2877876
numba_parallel_tiled2_mul,1024,256,8,30,183783427118,637955631165,128257458560,10575115678,722678475,3778045,722678475,3778045
numba_parallel_tiled2_mul_transposed,1024,256,8,30,141225311312,513818903587,103964269447,3037586953,51094009,3212978,51094007,3212976
numba_tiled2_mul,1024,256,16,30,142857323150,491266959640,83237385922,29895614760,405429017,4186771,405429017,4186771
numba_tiled2_mul_transposed,1024,256,16,30,122132133680,428833742794,85320220787,11433385137,44421136,2896883,44421134,2896881
numba_parallel_tiled2_mul,1024,256,16,30,165593862295,557478762053,96214547857,33231394111,387933976,3807621,387933976,3807621
numba_parallel_tiled2_mul_transposed,1024,256,16,30,125714497701,449200230424,83798903555,11478796958,39048009,3321871,39048007,3321869
numba_tiled2_mul,1024,256,32,30,164054462309,458092842808,74876498777,33950851835,1650844100,3618588,1650844099,3618587
numba_tiled2_mul_transposed,1024,256,32,30,121874233628,397713044135,75904861620,7706026382,79672100,2726510,79672098,2726508
numba_parallel_tiled2_mul,1024,256,32,30,177578614595,521115037598,81560897377,34424868620,1377754689,3856798,1377754688,3856797
numba_parallel_tiled2_mul_transposed,1024,256,32,30,126492428052,421317192141,75355373039,7655853284,81337986,3252670,81337985,3252669
numba_tiled2_mul,1024,256,64,30,197041508608,442333859259,70986529702,34111453828,36326484756,12688795,36326484756,12688795
numba_tiled2_mul_transposed,1024,256,64,30,137183001861,382968986318,71487511747,5928145496,611209781,2871456,611209779,2871454
numba_parallel_tiled2_mul,1024,256,64,30,226206073098,503795110638,74542567174,34181867018,32852690043,6804790,32852690042,6804789
numba_parallel_tiled2_mul_transposed,1024,256,64,30,143842110188,408039184391,71411666985,5835031580,943608710,3304202,943608708,3304200
numba_tiled2_mul,1024,256,128,30,213333611837,434664590015,69114188065,33773721421,35535613389,15746310,35535613388,15746309
numba_tiled2_mul_transposed,1024,256,128,30,138349494261,375794705845,69348702659,4753462101,366981828,2980361,366981827,2980360
numba_parallel_tiled2_mul,1024,256,128,30,234684085127,495303614219,71097506330,33807517113,36052938897,7970411,36052938897,7970411
numba_parallel_tiled2_mul_transposed,1024,256,128,30,141443921241,401615518062,69520440301,4946503240,533747148,3509498,533747147,3509497
numpy_add,2056,0,0,30,2000510981,1967108492,484545834,111229383,24485024,8103652,24485024,8103652
numba_naive_add,2056,0,0,30,2702020080,2905912061,774051302,104938989,34327338,9656970,34327336,9656968
numba_parallel_naive_add,2056,0,0,30,6283330635,3113713719,828198282,105686588,36515518,22036920,36515516,22036918
numba_tiled_add,2056,4,0,30,3255522842,6506640358,1512747225,115006316,16587829,3235892,16587828,3235891
numba_parallel_tiled_add,2056,4,0,30,6568541332,5986838887,1306961101,109718244,19301780,4576143,19301779,4576142
numba_tiled_add,2056,8,0,30,3217597302,5645054703,1214237623,129842985,18898368,3440959,18898366,3440957
numba_parallel_tiled_add,2056,8,0,30,6884051335,4920714635,1026306211,128107596,22880644,6366988,22880643,6366987
numba_tiled2_add,2056,8,4,30,3401526193,6810419899,1633956996,126709402,18853925,3308579,18853924,3308578
numba_tiled_add,2056,16,0,30,3486316987,5298454535,1085961843,138487579,25532747,4859571,25532747,4859571
numba_parallel_tiled_add,2056,16,0,30,6945400512,4594394781,938629678,142457901,27216545,9437385,27216544,9437384
numba_tiled2_add,2056,16,4,30,3438581008,6676931335,1599617128,135722386,24013173,3550211,24013171,3550209
numba_tiled2_add,2056,16,8,30,3216473873,5727950954,1260825364,139114604,22446478,3388400,22446477,3388399
numba_tiled_add,2056,32,0,30,4440591259,4435562361,944957529,126255147,26961421,4016607,26961421,4016607
numba_parallel_tiled_add,2056,32,0,30,7206211751,4553211840,929575851,126667898,29855553,8923914,29855552,8923913
numba_tiled2_add,2056,32,4,30,3405337998,6632635564,1587650373,131024457,29030701,3211674,29030701,3211674
numba_tiled2_add,2056,32,8,30,3251379429,5693997468,1251826877,141212890,27353620,3256016,27353617,3256013
numba_tiled2_add,2056,32,16,30,3515976857,5326742603,1106522794,139981327,27816509,4598269,27816508,4598268
numba_tiled_add,2056,64,0,30,4404744236,4198051536,859280504,115636509,21980510,4187656,21980508,4187654
numba_parallel_tiled_add,2056,64,0,30,7335742633,4680817189,962831378,116320339,28623549,12004123,28623548,12004122
numba_tiled2_add,2056,64,4,30,3364054368,6608154329,1581710061,124014590,22485679,3231938,22485678,3231937
numba_tiled2_add,2056,64,8,30,3236964315,5679668714,1248298482,138026597,25174361,3182532,25174361,3182532
numba_tiled2_add,2056,64,16,30,3524456933,5317622097,1104106683,140200639,28482316,4432561,28482316,4432561
numba_tiled2_add,2056,64,32,30,4486823174,4467132027,978397653,126085638,27505827,4118850,27505824,4118847
numba_tiled_add,2056,128,0,30,4430828178,4089090904,818493940,110451941,19574067,4806629,19574066,4806628
numba_parallel_tiled_add,2056,128,0,30,7677582207,5461119687,1168309409,111300789,26906455,12561129,26906455,12561129
numba_tiled2_add,2056,128,4,30,3394921129,6601503776,1579554556,119400108,19070226,3795652,19070226,3795652
numba_tiled2_add,2056,128,8,30,3138913145,5680277166,1248607570,134839383,22686858,3248587,22686858,3248587
numba_tiled2_add,2056,128,16,30,3587160720,5310726289,1102501387,139690039,27491485,5025637,27491484,5025636
numba_tiled2_add,2056,128,32,30,4462102976,4460633573,977671808,126045297,27197575,4237392,27197575,4237392
numba_tiled2_add,2056,128,64,30,4435118619,4215617778,876985012,115646960,22339848,4628100,22339846,4628098
numba_tiled_add,2056,256,0,30,4382666193,4034913105,798630643,107828570,17398477,4232693,17398477,4232693
numba_parallel_tiled_add,2056,256,0,30,7649682068,5635897194,1214461985,108711710,25189706,12506366,25189705,12506365
numba_tiled2_add,2056,256,4,30,3348205343,6600341097,1579344522,117839211,18030417,3515174,18030413,3515170
numba_tiled2_add,2056,256,8,30,3156442169,5668793829,1245641118,133296948,20910241,3395761,20910241,3395761
numba_tiled2_add,2056,256,16,30,3512238843,5311252487,1102648910,138834496,26502685,4963201,26502683,4963199
numba_tiled2_add,2056,256,32,30,4482391760,4467269729,979289887,126044077,27186260,4414408,27186259,4414407
numba_tiled2_add,2056,256,64,30,4445829103,4211830608,876230443,115617802,22236010,4658295,22236008,4658293
numba_tiled2_add,2056,256,128,30,4489741578,4093992155,826914359,110483572,19601111,5019119,19601111,5019119
numpy_mul,2056,0,0,30,47287045843,127381709958,51279702477,4144237617,88690814,19608263,88690813,19608262
numba_naive_mul,2056,0,0,30,1343225559737,1151484754939,539962556200,375652962757,61286778153,6278715128,61286778152,6278715127
numba_naive_mul_transposed,2056,0,0,30,1193795021793,949244241742,539917282045,36788263469,667047351,402466777,667047349,402466775
numba_parallel_naive_mul,2056,0,0,30,1358704813262,1186277801013,540384197126,392865623362,76804474759,543893132,76804474758,543893131
numba_parallel_naive_mul_transposed,2056,0,0,30,1177918809366,950200064983,540332537563,36774303929,692058244,82976667,692058243,82976666
numba_tiled_mul,2056,4,0,30,1952447677440,6067902791921,1243270153414,67664149839,18872046227,139480090,18872046226,139480089
numba_tiled_mul_transposed,2056,4,0,30,1540773194245,5511750809530,1314715521321,17389867273,354667590,93095376,354667590,93095376
numba_parallel_tiled_mul,2056,4,0,30,1807186724819,5652925079062,1159520704526,67545845527,19202204014,37306855,19202204012,37306853
numba_parallel_tiled_mul_transposed,2056,4,0,30,1712811996138,6402122228734,2081417958875,17361535163,377998465,32373619,377998461,32373615
numba_tiled_mul,2056,8,0,30,1300323459418,4559741099340,825716384396,14301334482,4929704306,100245427,4929704305,100245426
numba_tiled_mul_transposed,2056,8,0,30,1144072111759,4050187652159,859874319086,10421986948,152843229,51072477,152843227,51072475
numba_parallel_tiled_mul,2056,8,0,30,1252665287600,4372499092110,788256410892,14296562778,5086656237,22751655,5086656236,22751654
numba_parallel_tiled_mul_transposed,2056,8,0,30,1254079657118,4569300313294,1236063615863,10546549211,159044489,15896253,159044484,15896248
numba_tiled2_mul,2056,8,4,30,1760226362834,6267849642387,1289977403163,20255284612,5037117005,72523954,5037117001,72523950
numba_tiled2_mul_transposed,2056,8,4,30,1556183823780,5665628111403,1364113295988,9405435926,426025650,54175069,426025648,54175067
numba_parallel_tiled2_mul,2056,8,4,30,1958867513077,7016484298527,1724060748364,23261498855,5108647978,28400888,5108647978,28400888
numba_parallel_tiled2_mul_transposed,2056,8,4,30,1584469337726,5779424149068,1356650329911,9434023936,443038849,15466741,443038848,15466740
numba_tiled_mul,2056,16,0,30,1106535400438,3962790574629,669845076778,12306239731,2983001324,58044861,2983001323,58044860
numba_tiled_mul_transposed,2056,16,0,30,971012226165,3473179455974,686774903767,7607165215,195074706,38176602,195074705,38176601
numba_parallel_tiled_mul,2056,16,0,30,1081914846307,3874665716925,652303375361,14451156244,3067636788,65918354,3067636763,65918329
numba_parallel_tiled_mul_transposed,2056,16,0,30,1033928247055,3831157373128,874360164845,10123914645,165692050,10748212,165692048,10748210
numba_tiled2_mul,2056,16,4,30,1690625190601,6153271980941,1261940487899,8976681835,1536903475,44340043,1536903475,44340043
numba_tiled2_mul_transposed,2056,16,4,30,1536958161266,5548996916519,1334580250688,5955254068,707507442,47801225,707507441,47801224
numba_parallel_tiled2_mul,2056,16,4,30,1896243281959,6880406814547,1689889939316,12802164258,1554073539,28592624,1554073539,28592624
numba_parallel_tiled2_mul_transposed,2056,16,4,30,1565896287753,5640339941043,1320511845363,6024472947,709013483,11678298,709013479,11678294
numba_tiled2_mul,2056,16,8,30,1289308574297,4582765063839,831588849635,7796401051,1582537317,116575309,1582537317,116575309
numba_tiled2_mul_transposed,2056,16,8,30,1130075766902,4044252034887,866072213516,7430406015,242187680,38050808,242187680,38050808
numba_parallel_tiled2_mul,2056,16,8,30,1450567362606,5164203650226,1037821288302,7806345723,1679378766,37961392,1679378764,37961390
numba_parallel_tiled2_mul_transposed,2056,16,8,30,1146005370507,4163071741123,842362850493,8079207181,161795422,9685188,161795421,9685187
numba_tiled_mul,2056,32,0,30,1040019334670,3694517488269,602327035025,32831506948,1453569635,47671738,1453569632,47671735
numba_tiled_mul_transposed,2056,32,0,30,956219465275,3214152353335,610828527342,7059520722,259880183,24459922,259880182,24459921
numba_parallel_tiled_mul,2056,32,0,30,1044680819011,3652259986516,593971594445,35924580072,1438726686,48041063,1438726686,48041063
numba_parallel_tiled_mul_transposed,2056,32,0,30,981416447593,3494947586626,705242915349,11144887655,272879263,8259050,272879261,8259048
numba_tiled2_mul,2056,32,4,30,1651407638728,6110846489405,1251730382982,9015592248,689139371,33515915,689139371,33515915
numba_tiled2_mul_transposed,2056,32,4,30,1507163825514,5505541009809,1323791001666,6176662753,550525332,54252332,550525332,54252332
numba_parallel_tiled2_mul,2056,32,4,30,1845717709040,6826981890861,1676443739293,11191901266,686735797,25796877,686735797,25796877
numba_parallel_tiled2_mul_transposed,2056,32,4,30,1522737402210,5585773691684,1306430321214,6220745616,550396457,11671632,550396456,11671631
numba_tiled2_mul,2056,32,8,30,1259664541940,4568344778288,828059804449,6909297834,697290557,68734896,697290557,68734896
numba_tiled2_mul_transposed,2056,32,8,30,1118460195467,4029689219224,862382936757,7537222094,280887490,26169352,280887486,26169348
numba_parallel_tiled2_mul,2056,32,8,30,1424134782161,5147127635743,1033534127692,7010139963,712911909,20194416,712911908,20194415
numba_parallel_tiled2_mul_transposed,2056,32,8,30,1133299376105,4145636584861,837833149045,8485006043,248851159,7512196,248851157,7512194
numba_tiled2_mul,2056,32,16,30,1091421583797,3965156550932,670584742689,11536059827,1357756369,44647219,1357756369,44647219
numba_tiled2_mul_transposed,2056,32,16,30,959054373391,3459764571399,687555400452,7720279824,289922553,22584584,289922553,22584584
numba_parallel_tiled2_mul,2056,32,16,30,1253671426191,4489618171104,772967064659,13970613263,1400006747,59731415,1400006745,59731413
numba_parallel_tiled2_mul_transposed,2056,32,16,30,981009738140,3615366923867,672820888323,10295424382,302292907,7707293,302292904,7707290
numba_tiled_mul,2056,64,0,30,1047297435529,3566953012175,570862750470,56168209056,3298855176,46064397,3298855176,46064397
numba_tiled_mul_transposed,2056,64,0,30,988518287122,3091093479448,575191680623,45064995161,328493425,12877299,328493424,12877298
numba_parallel_tiled_mul,2056,64,0,30,1050958746731,3546686162177,566908017736,57506810458,3308989034,39934227,3308989032,39934225
numba_parallel_tiled_mul_transposed,2056,64,0,30,1010895332215,3333762220100,623245758066,44912875642,366349551,8467343,366349548,8467340
numba_tiled2_mul,2056,64,4,30,1632896795022,6092577403967,1247294592296,14353201871,446464520,17362518,446464519,17362517
numba_tiled2_mul_transposed,2056,64,4,30,1482783946469,5486722764615,1319080793061,10971447890,449150230,13593080,449150228,13593078
numba_parallel_tiled2_mul,2056,64,4,30,1824577924406,6803205510921,1670397480947,17315729059,468064572,19250754,468064571,19250753
numba_parallel_tiled2_mul_transposed,2056,64,4,30,1502434412734,5561479732347,1300112409074,11350629161,452808083,10533423,452808082,10533422
numba_tiled2_mul,2056,64,8,30,1252668686048,4563040829894,826783217348,9204623959,618919596,49273194,618919596,49273194
numba_tiled2_mul_transposed,2056,64,8,30,1108918346069,4024172143251,861013076262,8640517796,337450123,12687294,337450123,12687294
numba_parallel_tiled2_mul,2056,64,8,30,1419382028647,5140405747035,1031842763133,9328274175,637736189,20529366,637736165,20529341
numba_parallel_tiled2_mul_transposed,2056,64,8,30,1129648451814,4138821936676,836075036238,9572133778,327631429,9722276,327631428,9722275
numba_tiled2_mul,2056,64,16,30,1082675517522,3963328844911,670137024729,11822579229,940642418,28152439,940642416,28152437
numba_tiled2_mul_transposed,2056,64,16,30,956408754824,3457910946623,687085498239,8141186017,361406652,12616187,361406652,12616187
numba_parallel_tiled2_mul,2056,64,16,30,1247856381649,4487418102070,772414214371,14300054854,1023066464,29282710,1023066464,29282710
numba_parallel_tiled2_mul_transposed,2056,64,16,30,980202823791,3613145496544,672243871298,10565093898,369641001,8893176,369640997,8893172
numba_tiled2_mul,2056,64,32,30,1036815361238,3694682365610,602420716465,32741743694,1131236220,29817177,1131236220,29817177
numba_tiled2_mul_transposed,2056,64,32,30,944846507390,3206069068521,610925170250,7542287143,363785602,13726900,363785601,13726899
numba_parallel_tiled2_mul,2056,64,32,30,1185491655913,4193516598355,654071636978,36737778360,1112566855,28786477,1112566855,28786477
numba_parallel_tiled2_mul_transposed,2056,64,32,30,974996000214,3384727812938,603199340014,10458554863,373551709,8082239,373551708,8082238
numba_tiled_mul,2056,128,0,30,1072991432336,3504718932460,555672358128,68019161376,6166611251,50512040,6166611249,50512038
numba_tiled_mul_transposed,2056,128,0,30,1090075070998,3030998821758,557903842025,39864525647,2285916828,9240264,2285916828,9240264
numba_parallel_tiled_mul,2056,128,0,30,1079043543118,3495132515838,553851440142,68260770655,6043673724,45835102,6043673722,45835100
numba_parallel_tiled_mul_transposed,2056,128,0,30,1104222695539,3254811623342,582860233911,39754513739,2252636337,12444218,2252636336,12444217
numba_tiled2_mul,2056,128,4,30,1626969886545,6084060866533,1245204458621,35722540986,608983152,10949891,608983150,10949889
numba_tiled2_mul_transposed,2056,128,4,30,1479640490116,5477973547152,1316864628301,11443406205,765160193,8983907,765160192,8983906
numba_parallel_tiled2_mul,2056,128,4,30,1818614222050,6791921988235,1667505052393,39666925666,630307475,22891596,630307473,22891594
numba_parallel_tiled2_mul_transposed,2056,128,4,30,1497496196933,5549938198935,1297088045789,11443146052,768472584,12273431,768472583,12273430
numba_tiled2_mul,2056,128,8,30,1254203905662,4560735188572,826224001395,11422585636,1139544319,62926395,1139544317,62926393
numba_tiled2_mul_transposed,2056,128,8,30,1107930065678,4021806749947,860420452050,8675124106,412031983,8793857,412031983,8793857
numba_parallel_tiled2_mul,2056,128,8,30,1422114930768,5137429146065,1031086295728,11384729175,1185842221,25022529,1185842221,25022529
numba_parallel_tiled2_mul_transposed,2056,128,8,30,1128518152383,4135749411658,835275737996,9161522738,395974714,12073566,395974713,12073565
numba_tiled2_mul,2056,128,16,30,1080320346504,3962639351759,669971341251,13109848678,1035927770,15560951,1035927769,15560950
numba_tiled2_mul_transposed,2056,128,16,30,953381945603,3457218269374,686913479242,7881180984,337528400,8366293,337528399,8366292
numba_parallel_tiled2_mul,2056,128,16,30,1246669589944,4486571580634,772202017605,15020069759,1119988152,21968139,1119988152,21968139
numba_parallel_tiled2_mul_transposed,2056,128,16,30,979204571834,3612275691593,672019530380,10173228290,326047427,11228763,326047426,11228762
numba_tiled2_mul,2056,128,32,30,1036553167530,3694461100270,602365647347,32631818607,1119618162,19266606,1119618162,19266606
numba_tiled2_mul_transposed,2056,128,32,30,945037124205,3205908024761,610883337923,7395368102,369522415,9226583,369522415,9226583
numba_parallel_tiled2_mul,2056,128,32,30,1183231522691,4193170332779,653984573546,37033310555,1117743604,18926964,1117743604,18926964
numba_parallel_tiled2_mul_transposed,2056,128,32,30,975540398027,3384415363371,603118266216,10356966888,369551991,9940486,369551987,9940482
numba_tiled2_mul,2056,128,64,30,1041173446716,3566935399389,570873160257,56263217917,3322721623,24864642,3322721622,24864641
numba_tiled2_mul_transposed,2056,128,64,30,982033274379,3086745467439,575184274714,45190686593,360316124,8395522,360316124,8395522
numba_parallel_tiled2_mul,2056,128,64,30,1163794317259,4053162257719,597295035633,57968520950,3272797337,24961571,3272797337,24961571
numba_parallel_tiled2_mul_transposed,2056,128,64,30,1008106803973,3277599191632,571372010771,45174544585,413786981,10904354,413786980,10904353
numba_tiled_mul,2056,256,0,30,1098535100275,3473985227122,548210274439,172543669723,6023128468,40484835,6023128468,40484835
numba_tiled_mul_transposed,2056,256,0,30,1094258547838,3001268353688,549379838713,37248675563,1732018763,8234914,1732018762,8234913
numba_parallel_tiled_mul,2056,256,0,30,1105634353389,3469728424090,547458104576,126773495454,5896857485,44824971,5896857484,44824970
numba_parallel_tiled_mul_transposed,2056,256,0,30,1099738666153,3215609180912,562785185601,37237944174,1756741727,12361928,1756741725,12361926
numba_tiled2_mul,2056,256,4,30,1627013214512,6079978590429,1244194298694,66626275672,531199962,15299642,531199962,15299642
numba_tiled2_mul_transposed,2056,256,4,30,1474540470522,5473743844528,1315784318418,11346175466,540681876,7941833,540681876,7941833
numba_parallel_tiled2_mul,2056,256,4,30,1816678856573,6786433108434,1666090663087,65481846951,545600627,21536972,545600626,21536971
numba_parallel_tiled2_mul_transposed,2056,256,4,30,1491020976281,5544355776101,1295617710703,11346175428,543088238,12670403,543088237,12670402
numba_tiled2_mul,2056,256,8,30,1256585519079,4559662879863,825961992120,14352445568,1429487902,45169948,1429487902,45169948
numba_tiled2_mul_transposed,2056,256,8,30,1104931570307,4020671470274,860135531441,9126182677,293920876,7595980,293920874,7595978
numba_parallel_tiled2_mul,2056,256,8,30,1424215178452,5135988086636,1030717029716,14157270272,1614815321,22364542,1614815320,22364541
numba_parallel_tiled2_mul_transposed,2056,256,8,30,1126086632121,4134309332503,834899262318,9471073582,284167403,12611174,284167402,12611173
numba_tiled2_mul,2056,256,16,30,1081749350222,3962341737009,669899280377,13134678434,1225731852,16822430,1225731851,16822429
numba_tiled2_mul_transposed,2056,256,16,30,952526811091,3456901562469,686835090033,7813164433,244027789,7557563,244027787,7557561
numba_parallel_tiled2_mul,2056,256,16,30,1247072960731,4486144204456,772092951567,14990811334,1306616024,15707679,1306616024,15707679
numba_parallel_tiled2_mul_transposed,2056,256,16,30,977325254573,3611877138567,671916026099,9883643306,240970410,12896163,240970409,12896162
numba_tiled2_mul,2056,256,32,30,1035318613964,3694359489400,602341928528,32589475924,1193241345,18701404,1193241342,18701401
numba_tiled2_mul_transposed,2056,256,32,30,944292709131,3205790473162,610854116831,7317635394,315658242,8279371,315658242,8279371
numba_parallel_tiled2_mul,2056,256,32,30,1183645059284,4193084369403,653963858390,36818490506,1183099549,16058424,1183099548,16058423
numba_parallel_tiled2_mul_transposed,2056,256,32,30,975321746702,3384312242205,603092239032,10104293560,321740018,12015847,321740017,12015846
numba_tiled2_mul,2056,256,64,30,1049362905430,3566911465020,570868039024,56287927633,3191668116,22650627,3191668116,22650627
numba_tiled2_mul_transposed,2056,256,64,30,983432321566,3086697469016,575173136353,45418603638,362106144,7579510,362106142,7579508
numba_parallel_tiled2_mul,2056,256,64,30,1163894956248,4053107557821,597282088916,57850471044,3269125309,19847990,3269125308,19847989
numba_parallel_tiled2_mul_transposed,2056,256,64,30,1007921173457,3277558411548,571361881182,45156607232,394845115,13273792,394845113,13273790
numba_tiled2_mul,2056,256,128,30,1076084449582,3504702552326,555673418274,67967249978,6234071695,38483896,6234071694,38483895
numba_tiled2_mul_transposed,2056,256,128,30,1087763603512,3028768582227,557903504064,39865248801,2279959357,8085097,2279959357,8085097
numba_parallel_tiled2_mul,2056,256,128,30,1148513397744,3984610306284,569493085101,68437450972,6030957696,25750613,6030957695,25750612
numba_parallel_tiled2_mul_transposed,2056,256,128,30,1101803270666,3225834879608,556124468450,39860330952,2301711071,13184987,2301711069,13184985
