benchmark_name,N,B1,B2,reps,cycles,instructions,L1-dcache-loads,L1-dcache-load-misses,L2-loads,L2-load-misses,LLC-loads,LLC-load-misses,avg_time_sec
numpy_add,1024,0,0,30,854172263,1186214962,309343052,23942437,5045295,591139,4131577,600607,0.000298615
numba_naive_add,1024,0,0,30,2062634362,2812917177,778335223,48643286,10560831,2062454,10508676,2034929,0.000213261
numba_parallel_naive_add,1024,0,0,30,3148233212,4174627327,1150107335,61089099,13064290,2242397,12749267,2292687,0.000095910
numba_tiled_add,1024,4,0,30,2298038614,3845465425,1004535433,50731089,10182039,1920600,10968470,2023645,0.001273874
numba_parallel_tiled_add,1024,4,0,30,3415268874,5088115293,1307615625,59077597,11698183,2007100,13743396,2343882,0.000205759
numba_tiled_add,1024,8,0,30,1805883162,2981374369,737766853,47390937,9128115,1588790,8613279,1570955,0.001066319
numba_parallel_tiled_add,1024,8,0,30,2170474710,2759363288,733708507,53387010,8858334,1641510,10084704,1646377,0.000149091
numba_tiled2_add,1024,8,4,30,2400463539,4095172412,1075423890,57680265,10268819,1941149,11350006,2011309,0.001439682
numba_tiled_add,1024,16,0,30,1783069011,2894144841,721165734,52997869,8138506,1471440,9782640,1722665,0.001037113
numba_parallel_tiled_add,1024,16,0,30,2049875962,2650858287,704174612,50380276,9679623,1629613,8311190,1493860,0.000140822
numba_tiled2_add,1024,16,4,30,1813183827,3213052873,822615240,52136667,9035341,1566763,8816836,1681745,0.001412645
numba_tiled2_add,1024,16,8,30,1769553650,2913541414,737323087,55475243,8440938,1552218,9576860,1506187,0.001155742
numba_tiled_add,1024,32,0,30,1755806953,2484680501,665807023,49295100,9052042,1563745,8364181,1497761,0.000836920
numba_parallel_tiled_add,1024,32,0,30,2089110852,2572313743,683708455,51618385,9405858,1634034,8792144,1552765,0.000127261
numba_tiled2_add,1024,32,4,30,1933285575,3191184804,827906450,47374704,9242837,1446418,8678170,1644039,0.001378363
numba_tiled2_add,1024,32,8,30,1772276738,2964980827,738015937,53102829,8584100,1575544,9465739,1635896,0.001177028
numba_tiled2_add,1024,32,16,30,1759719790,2784179357,699171604,53171122,8337473,1555818,9170523,1518565,0.001102254
numba_tiled_add,1024,64,0,30,1756403474,2400857483,645511713,45961341,8922547,1555034,8846637,1533414,0.000825307
numba_parallel_tiled_add,1024,64,0,30,2143837003,2606217374,698025500,45925102,9182187,1641624,9860092,1547046,0.000130032
numba_tiled2_add,1024,64,4,30,1813547018,3196930243,815541501,44441402,9020011,1570416,8977376,1660295,0.001409352
numba_tiled2_add,1024,64,8,30,1774037295,2958135405,736381240,51213581,8570694,1550963,9639589,1666483,0.001164186
numba_tiled2_add,1024,64,16,30,1772044852,2900239189,711601285,55224292,9577041,1586384,8422345,1621317,0.001101450
numba_tiled2_add,1024,64,32,30,1737205519,2466712158,664099386,47905152,8548806,1541635,9697117,1719790,0.000866767
numba_tiled_add,1024,128,0,30,1759000529,2427803197,635458057,43961540,9547056,1567308,8471704,1499573,0.000579226
numba_parallel_tiled_add,1024,128,0,30,2256426441,2806323976,729322164,44413357,9904441,1606009,9138075,1700053,0.000214596
numba_tiled2_add,1024,128,4,30,1822470127,3192912859,821885851,42998880,9392001,1526428,8524193,1700512,0.001397328
numba_tiled2_add,1024,128,8,30,1774253003,2933000420,735446736,49237896,8716172,1582358,10314480,1618937,0.001157285
numba_tiled2_add,1024,128,16,30,1764243157,2795036521,695869820,54773832,8820538,1568557,9810214,1505416,0.001088258
numba_tiled2_add,1024,128,32,30,1743331478,2481776057,669326133,48683444,9388007,1510292,8630179,1754174,0.001023774
numba_tiled2_add,1024,128,64,30,1734181181,2405442073,640200182,44268140,9061689,1588241,9713850,1601186,0.000852737
numba_tiled_add,1024,256,0,30,1754873831,2398001254,631574979,43322320,9324428,1573677,8413246,1505691,0.000788188
numba_parallel_tiled_add,1024,256,0,30,2545497429,3161974954,830904648,44570909,9507963,1568773,8684641,1615391,0.000364880
numba_tiled2_add,1024,256,4,30,1801853233,3129640065,803986172,42337726,8642857,1555839,9454054,1502949,0.001364045
numba_tiled2_add,1024,256,8,30,1763279164,2924756201,730428672,47215518,8732165,1534513,9338890,1533710,0.001153912
numba_tiled2_add,1024,256,16,30,1764076270,2806270836,697678675,53311224,8568017,1555669,9597805,1506917,0.001093058
numba_tiled2_add,1024,256,32,30,1734456653,2471947459,658044920,47068974,9127898,1565954,9176665,1608127,0.000861511
numba_tiled2_add,1024,256,64,30,1723585495,2372841968,634442469,44847011,8704097,1565880,9810126,1518963,0.000997526
numba_tiled2_add,1024,256,128,30,1905346703,2378175671,639925453,42558001,9253533,2177019,10166834,2286763,0.001116785
numpy_mul,1024,0,0,30,6480253647,7140969871,2069387995,314974744,9087223,2340414,7642265,2349838,0.002498538
numba_naive_mul,1024,0,0,30,170276800394,170093912056,67435159748,33412735360,28409618796,2229824,28408908316,2396262,1.102533205
numba_naive_mul_transposed,1024,0,0,30,133326418327,153350977485,67401652300,2137665065,16987167,1950742,16138065,2004358,0.871077916
numba_parallel_naive_mul,1024,0,0,30,376048491414,192296132569,68890796833,31408663506,28221991839,2501659,28239399649,2338092,0.179677255
numba_parallel_naive_mul_transposed,1024,0,0,30,138333543824,155158062592,67913614105,1917884670,16859030,2022701,16057412,2422798,0.062385565
numba_tiled_mul,1024,4,0,30,208532099034,785926574872,154438407370,7035276151,2117527876,2465925,2116343907,2357389,1.349939646
numba_tiled_mul_transposed,1024,4,0,30,182541562351,735895651455,163270262305,656125220,24624672,1990188,25378933,2162246,1.188630676
numba_parallel_tiled_mul,1024,4,0,30,375147745349,790423798436,152139419591,7536830424,1786537790,3088145,1785643347,3068384,0.176311386
numba_parallel_tiled_mul_transposed,1024,4,0,30,338975310608,753556438214,172029150365,913314969,25661263,2298800,24470599,2134835,0.198849971
numba_tiled_mul,1024,8,0,30,151760622912,586269718936,102590637994,1316247019,536296260,1602654,534490408,1595315,1.003004369
numba_tiled_mul_transposed,1024,8,0,30,139084404881,544544599270,106794212406,683445030,20729574,1604596,20407472,1593978,0.909845104
numba_parallel_tiled_mul,1024,8,0,30,284649723567,566217331995,98801356473,6376303830,578742590,1719141,575330302,1720084,0.137313680
numba_parallel_tiled_mul_transposed,1024,8,0,30,288647871994,612911673815,152955132237,2300840975,23329283,1623228,21610948,1599600,0.141382347
numba_tiled2_mul,1024,8,4,30,214343044970,811557731897,160360244226,5559534040,551829283,2061999,550987356,2138193,1.399047049
numba_tiled2_mul_transposed,1024,8,4,30,187117567430,761592156487,169471296179,767521459,21723993,2142122,21314817,2194403,1.222490435
numba_parallel_tiled2_mul,1024,8,4,30,379302485036,814968316808,162493639877,8431603612,434657637,2266227,431899767,2213994,0.196836367
numba_parallel_tiled2_mul_transposed,1024,8,4,30,353968492670,764030916275,171267411837,2084575909,19905250,2196905,19784982,2191576,0.178226135
numba_tiled_mul,1024,16,0,30,147222030736,505965089378,83272607839,26433846177,129494553,3825846,128540209,4006943,0.967215792
numba_tiled_mul_transposed,1024,16,0,30,128943277793,468527425497,85335341263,9409143821,15110909,1702918,14627867,1711307,0.843037500
numba_parallel_tiled_mul,1024,16,0,30,280734981627,498237867543,81913793910,30442228111,189515149,1633139,185590581,1706309,0.136601135
numba_parallel_tiled_mul_transposed,1024,16,0,30,244042763094,515232686548,108482920120,7440152032,14363277,1581903,13620456,1763302,0.118818280
numba_tiled2_mul,1024,16,4,30,203164316620,795511602684,156479741427,7699929589,150486341,1746283,149004732,1877870,1.330724848
numba_tiled2_mul_transposed,1024,16,4,30,184636944025,745737167960,165425055432,1296142030,14673229,1594863,13075024,1511672,1.214603752
numba_parallel_tiled2_mul,1024,16,4,30,391161999222,851241330168,209300576666,10128777115,118881477,1603691,116962043,1684241,0.187233553
numba_parallel_tiled2_mul_transposed,1024,16,4,30,346130516675,728561485315,161104501338,1608179050,15292468,1641059,15103683,1691591,0.173327318
numba_tiled2_mul,1024,16,8,30,153300004270,588970112044,103291239959,1962741836,173562078,1894065,173045850,2057105,0.998855080
numba_tiled2_mul_transposed,1024,16,8,30,141789396268,547437927104,107553628103,1495806355,14786272,1698212,14719358,1801176,0.924844412
numba_parallel_tiled2_mul,1024,16,8,30,315076503929,634461248033,129552750232,11463261987,120905082,1746304,120320395,1728475,0.152834511
numba_parallel_tiled2_mul_transposed,1024,16,8,30,268451348051,537237798462,104237496278,2374541559,16843385,1675526,15563529,1684509,0.130619668
numba_tiled_mul,1024,32,0,30,145396236493,469607681825,74906863824,37904805282,69011569,1908725,68015145,2026910,0.953131344
numba_tiled_mul_transposed,1024,32,0,30,122333828847,434168727446,75914717579,4571919139,14007898,1673628,12303944,1648643,0.796052385
numba_parallel_tiled_mul,1024,32,0,30,263700170092,467018248203,74559416347,35706498579,73878680,1646023,71971000,1579591,0.127120628
numba_parallel_tiled_mul_transposed,1024,32,0,30,227265078110,470883346955,87722714751,4692938407,16891914,1659309,15429246,1554855,0.127722385
numba_tiled2_mul,1024,32,4,30,198349334089,790256134560,155209877163,7382767449,56962364,1730911,56094276,1669931,1.299584788
numba_tiled2_mul_transposed,1024,32,4,30,184286377484,740388367086,164100669581,886943341,16260904,1545837,14622697,1645872,1.209514259
numba_parallel_tiled2_mul,1024,32,4,30,389140590699,845686980900,207851090352,10788550481,65204849,1633668,64535193,1885024,0.186980152
numba_parallel_tiled2_mul_transposed,1024,32,4,30,343720914994,722946201181,159558945097,1010881608,25994191,1560864,25002304,1756024,0.170880893
numba_tiled2_mul,1024,32,8,30,151443979256,587237986234,102865321305,1587856744,78554837,1857492,77442568,2071566,0.987249341
numba_tiled2_mul_transposed,1024,32,8,30,140177509345,545604731131,107094893964,872527447,15946235,1719274,15523925,1884777,0.912543039
numba_parallel_tiled2_mul,1024,32,8,30,310753539297,632085829501,128919550066,6405547655,93386337,1676246,91639921,1635582,0.164202712
numba_parallel_tiled2_mul_transposed,1024,32,8,30,266871561524,536691142348,104091989592,3098654135,25261973,1669545,24243738,1731909,0.131966723
numba_tiled2_mul,1024,32,16,30,148982674512,506217487158,83339914080,33253742198,61724150,1619217,60756071,1558999,0.974924457
numba_tiled2_mul_transposed,1024,32,16,30,129533270344,468707803962,85431019985,9445341183,14438689,1598293,12850418,1518749,0.843288077
numba_parallel_tiled2_mul,1024,32,16,30,309541220816,547038293787,96752552601,34437450576,80346193,1612836,80422058,1757065,0.149780612
numba_parallel_tiled2_mul_transposed,1024,32,16,30,240619605983,463692345240,83717640784,7899179992,16798840,1581148,17396335,1780100,0.115222091
numba_tiled_mul,1024,64,0,30,141293702348,452207135210,70992811479,35998303431,75875471,1627809,74277315,1494852,0.928499166
numba_tiled_mul_transposed,1024,64,0,30,121820600656,417846964080,71493318912,3285266246,14105058,1622915,13957629,1612038,0.798137422
numba_parallel_tiled_mul,1024,64,0,30,280834163912,451967415590,70907765358,31550261805,621138864,1779992,579530442,1725750,0.131634177
numba_parallel_tiled_mul_transposed,1024,64,0,30,219483731053,449043809250,77495552489,3220409920,28105444,1584355,27307527,1769096,0.106455514
numba_tiled2_mul,1024,64,4,30,195766169793,787954436303,154646135508,7232994489,38732767,1974584,37263824,2072211,1.280085168
numba_tiled2_mul_transposed,1024,64,4,30,183259730055,738073760230,163517788450,857926447,21548558,1631771,20648900,1791919,1.197342528
numba_parallel_tiled2_mul,1024,64,4,30,385102954080,843737494665,207300086804,10149170807,84173690,1748653,83402638,1928215,0.205432660
numba_parallel_tiled2_mul_transposed,1024,64,4,30,339930830560,720519324117,158853760448,951347609,32343542,1599708,31000703,1675764,0.170253380
numba_tiled2_mul,1024,64,8,30,150626716238,586515301205,102694347520,1437805460,45830407,1727949,44858761,1568051,0.986613798
numba_tiled2_mul_transposed,1024,64,8,30,139541079503,544953430571,106917676364,621117196,20512180,1618354,19240089,1605779,0.913365280
numba_parallel_tiled2_mul,1024,64,8,30,307380372794,631656042327,128805835258,6036356263,74861690,1734162,73070041,1714067,0.148431418
numba_parallel_tiled2_mul_transposed,1024,64,8,30,267060255755,534150099056,103458081489,2394355163,31068812,1617705,29692320,1597017,0.130766166
numba_tiled2_mul,1024,64,16,30,147218185115,505935677385,83286814161,27457061530,46359814,1662505,45823644,1480420,0.976174651
numba_tiled2_mul_transposed,1024,64,16,30,128939707410,468485562268,85373576879,9289585658,15266493,1537312,13767771,1623231,0.842236799
numba_parallel_tiled2_mul,1024,64,16,30,299185056422,545875460698,96457002904,30063299833,52884143,1655519,53183518,1862933,0.149160861
numba_parallel_tiled2_mul_transposed,1024,64,16,30,241201196149,463537070748,83665192758,8026459404,27024737,1587278,27337266,1793966,0.116742594
numba_tiled2_mul,1024,64,32,30,145312516956,469518534464,74897243085,36975857412,41134609,1761740,39842794,1877278,0.950237006
numba_tiled2_mul_transposed,1024,64,32,30,122504909201,434116739021,75925171948,5600843922,14868153,1986461,13445361,2082938,0.796348795
numba_parallel_tiled2_mul,1024,64,32,30,292013824289,507841602354,81931826365,32451668970,84452313,1699981,86537051,1884524,0.139783185
numba_parallel_tiled2_mul_transposed,1024,64,32,30,226991023994,431978937037,75154854306,4836200666,29381410,1550395,29418446,1776510,0.108875156
numba_tiled_mul,1024,128,0,30,153996814049,443762592894,69117784996,34028707480,544321491,1760888,543306069,1606491,1.007234832
numba_tiled_mul_transposed,1024,128,0,30,131727586228,409899827046,69364746783,2982318137,29695522,1544536,28139107,1696380,0.867579502
numba_parallel_tiled_mul,1024,128,0,30,178129996263,446060482996,69744190813,33762685064,5858149134,1680977,5872854938,1684803,0.167570606
numba_parallel_tiled_mul_transposed,1024,128,0,30,138470128468,440238259250,72948801450,2695771174,48799802,1632464,48109366,1677069,0.130036063
numba_tiled2_mul,1024,128,4,30,199655186288,786919868487,154400859243,7350783244,398973587,1736258,397197692,1649898,1.310714952
numba_tiled2_mul_transposed,1024,128,4,30,182659197372,737024997617,163251172567,708058198,31013001,1593979,31217065,1722037,1.199052238
numba_parallel_tiled2_mul,1024,128,4,30,218770042542,843805086843,207322578408,6754447779,438840456,1630739,438291701,1828075,0.209589264
numba_parallel_tiled2_mul_transposed,1024,128,4,30,186155001502,720559292232,158794502372,644316333,26078884,1640007,26036099,1808919,0.184269579
numba_tiled2_mul,1024,128,8,30,151735727324,586256699558,102640952928,1357226064,227502941,1673735,226834519,1744262,0.990947356
numba_tiled2_mul_transposed,1024,128,8,30,139259117984,544611604161,106850182099,539167441,37184735,1602999,36979262,1697482,0.908981101
numba_parallel_tiled2_mul,1024,128,8,30,165791299630,631056512662,128661264303,1669804251,203825607,1608479,204268938,1812996,0.157282768
numba_parallel_tiled2_mul_transposed,1024,128,8,30,146524577908,535838813542,103893043570,524284185,28646294,1977269,28912785,1993503,0.138677603
numba_tiled2_mul,1024,128,16,30,149361839276,505885599440,83259961278,33983679829,144261110,1502712,143278296,1686996,0.967717656
numba_tiled2_mul_transposed,1024,128,16,30,129015675456,468396907075,85347724823,9275245847,24444498,1575183,22707168,1573672,0.840416063
numba_parallel_tiled2_mul,1024,128,16,30,166726942065,546323173895,96560567151,23854364415,118139376,3033948,117290927,3076942,0.154931588
numba_parallel_tiled2_mul_transposed,1024,128,16,30,135686043563,465087183387,84031294757,9402576375,23053176,1637423,21719025,1589456,0.128775956
numba_tiled2_mul,1024,128,32,30,145863479464,469493847113,74879752811,38528581410,54702930,1635444,53328233,1575287,0.953523815
numba_tiled2_mul_transposed,1024,128,32,30,122556955025,434121561292,75916658747,5609478994,21587226,1570642,20847784,1612559,0.799644674
numba_parallel_tiled2_mul,1024,128,32,30,159931881611,507735176635,81916638813,38665867455,63642258,1657797,63026813,1778756,0.147643227
numba_parallel_tiled2_mul_transposed,1024,128,32,30,127792236961,433530307682,75567446072,5608852410,22459388,1598676,22892870,1810028,0.120892152
numba_tiled2_mul,1024,128,64,30,148166089894,452149455382,70982016404,34932353501,87784179,1630289,85270349,1469730,0.940224646
numba_tiled2_mul_transposed,1024,128,64,30,122072512639,417766326297,71487872633,3822550742,24580201,1522765,24397694,1686535,0.797976735
numba_parallel_tiled2_mul,1024,128,64,30,169926606655,489848148650,74983889570,34638980179,173247314,1709752,171297563,1657776,0.157835044
numba_parallel_tiled2_mul_transposed,1024,128,64,30,126550270769,418791147471,71629114960,3278555047,20274672,1601316,19496742,1693641,0.121556155
numba_tiled_mul,1024,256,0,30,179684027749,439576706271,68199054036,33507174756,25978583805,2178787,25978899789,2092425,1.186262122
numba_tiled_mul_transposed,1024,256,0,30,137889283042,405939306947,68306898787,2570713050,174374100,1604862,173445362,1836524,0.898749687
numba_parallel_tiled_mul,1024,256,0,30,215315046201,441907298161,68851762990,33561627631,24047401965,1800000,24030164015,1997705,0.390105571
numba_parallel_tiled_mul_transposed,1024,256,0,30,141840411186,434771509680,70473770748,2405741867,145966123,2132235,146780666,2114867,0.240704022
numba_tiled2_mul,1024,256,4,30,211427896535,786446024319,154278734478,7299113636,2128899121,1636710,2127617886,1655671,1.381611536
numba_tiled2_mul_transposed,1024,256,4,30,182192389318,736432881465,163103471281,647167718,33188792,1675574,31422018,1652359,1.191404877
numba_parallel_tiled2_mul,1024,256,4,30,223416527938,842773264715,207040011074,6757143317,2108700524,1904043,2105414013,1873084,0.389769017
numba_parallel_tiled2_mul_transposed,1024,256,4,30,183444129261,719527876440,158543766153,642018366,37094770,1659058,36616375,1622012,0.311490501
numba_tiled2_mul,1024,256,8,30,152313015665,586124526088,102605316400,1323911461,533038691,1718825,532245555,1815739,0.994927482
numba_tiled2_mul_transposed,1024,256,8,30,139200607961,544532637143,106830531595,497637412,35899420,1612016,35086171,1838513,0.907495292
numba_parallel_tiled2_mul,1024,256,8,30,164279114090,630774976490,128511570991,1303138003,530572724,1729376,529574475,1680203,0.281902117
numba_parallel_tiled2_mul_transposed,1024,256,8,30,140126619527,535135803431,103654925892,453402702,32372798,1651912,30674398,1587312,0.240574132
numba_tiled2_mul,1024,256,16,30,148843222959,505823547817,83256570499,30154584888,168097710,1576883,166491274,1556941,0.962545136
numba_tiled2_mul_transposed,1024,256,16,30,129538387248,468374860775,85334451026,9438915722,22812891,1585080,23233828,1746987,0.842958967
numba_parallel_tiled2_mul,1024,256,16,30,166356465060,546023475046,96505990076,35683784287,217566727,1928291,216710196,1932478,0.274911473
numba_parallel_tiled2_mul_transposed,1024,256,16,30,133319061921,464542086491,83914485503,9419833652,21527013,1640335,21852170,1718345,0.227287896
numba_tiled2_mul,1024,256,32,30,145903166114,469542315228,74888041137,38534977988,62628607,1625291,61547065,1600042,0.955530800
numba_tiled2_mul_transposed,1024,256,32,30,122308422713,434099721962,75918283763,5617414665,19282684,1552919,17667928,1644835,0.801512375
numba_parallel_tiled2_mul,1024,256,32,30,159319966355,507193437611,81770462287,38690539740,60168380,1614231,58523139,1705479,0.268376794
numba_parallel_tiled2_mul_transposed,1024,256,32,30,125932563257,433255558413,75469808884,5599189264,18298426,1655572,18246740,1729130,0.212389450
numba_tiled2_mul,1024,256,64,30,146598549092,452176480926,70988452256,34105588066,51102690,1700483,50537640,1954054,0.961339254
numba_tiled2_mul_transposed,1024,256,64,30,122278221704,417789093240,71496732565,3837363341,24599170,1689238,23740567,1878382,0.794105709
numba_parallel_tiled2_mul,1024,256,64,30,162989553886,489119418610,74803522939,34439880836,66322775,1656528,65086350,1579763,0.278757805
numba_parallel_tiled2_mul_transposed,1024,256,64,30,126170646216,418492671345,71571678108,3834526255,25513183,1661777,24453256,1662370,0.214597827
numba_tiled2_mul,1024,256,128,30,152841823382,443704904094,69107680114,34010720546,617780563,1519086,617033308,1737889,1.015407460
numba_tiled2_mul_transposed,1024,256,128,30,132864448971,409859936441,69356119966,2985532764,63473892,1607105,62528733,1601519,0.862010947
numba_parallel_tiled2_mul,1024,256,128,30,178723009629,480507175406,71429583213,33930759409,3510579097,1924193,3505617300,2092919,0.308182425
numba_parallel_tiled2_mul_transposed,1024,256,128,30,134863437757,411338860364,69695559100,2721404353,35955146,1673887,35119272,1695921,0.227966242
numpy_add,2048,0,0,30,1283096002,1732483374,414043164,48772744,10398491,4608890,11627884,4807081,0.002107111
numba_naive_add,2048,0,0,30,2147210109,2845571283,733411076,67201250,14959027,5568202,15141595,5629725,0.001999366
numba_parallel_naive_add,2048,0,0,30,7053939252,3200936876,830962628,67832419,15888550,5784412,16165115,5826287,0.002277753
numba_tiled_add,2048,4,0,30,2651364309,6326509731,1446636809,75792523,11894086,2272124,12100450,2259575,0.005388244
numba_parallel_tiled_add,2048,4,0,30,7217313928,6482232074,1353378704,75188391,12644843,2610291,12139361,2381984,0.002334820
numba_tiled_add,2048,8,0,30,2557324556,5579538723,1185030203,152565274,11338023,2314019,12651493,2572276,0.004741360
numba_parallel_tiled_add,2048,8,0,30,7377799005,4226041297,1019510829,121696344,12954437,2841953,12954228,2708037,0.002439489
numba_tiled2_add,2048,8,4,30,2746376668,6658140725,1550504194,155035067,11650565,2346641,12679726,2462825,0.006231458
numba_tiled_add,2048,16,0,30,2455522296,5237903146,1071585274,119645795,11741380,2297392,12146089,2319777,0.004156351
numba_parallel_tiled_add,2048,16,0,30,7607829405,3936012530,917433006,97786624,13720865,3414640,14258613,3481920,0.002541519
numba_tiled2_add,2048,16,4,30,2743416558,6504447962,1519620255,126736715,11701207,2866709,11900626,3087503,0.006193796
numba_tiled2_add,2048,16,8,30,2566550937,5605998586,1217951921,162908750,11953678,2200073,12330654,2375880,0.005072626
numba_tiled_add,2048,32,0,30,2324408790,3670843420,909290217,93304936,12207423,2399810,13003533,2399015,0.003296921
numba_parallel_tiled_add,2048,32,0,30,8349599654,3693513775,869429915,84760028,16425012,4945082,16778659,5009927,0.002910463
numba_tiled2_add,2048,32,4,30,2716138665,6508070757,1514970841,100838057,11495220,2257609,12780579,2569936,0.006028532
numba_tiled2_add,2048,32,8,30,2593942981,5588419818,1210236486,157891028,11899081,2373856,12785856,2512499,0.005247122
numba_tiled2_add,2048,32,16,30,2488402653,5233613757,1075767921,121998927,11995617,2323265,12532307,2469528,0.004576710
numba_tiled_add,2048,64,0,30,2400556578,3440506727,825179962,80192330,13996772,2399602,15174499,2663171,0.003732139
numba_parallel_tiled_add,2048,64,0,30,8818170962,3866932648,921993240,77945216,18910992,5030894,18920365,5107253,0.003188353
numba_tiled2_add,2048,64,4,30,2766637304,6471878382,1518859361,87215094,13487789,2296085,14214013,2497148,0.006383647
numba_tiled2_add,2048,64,8,30,2650647762,5545026580,1206407744,155730599,14039928,2384754,14460898,2350328,0.005656650
numba_tiled2_add,2048,64,16,30,2546428448,5221474763,1072354126,120107980,14131939,2410751,14705320,2427606,0.004930781
numba_tiled2_add,2048,64,32,30,2371167045,3634068379,902068609,93000470,14738864,2326159,15531695,2627946,0.003727480
numba_tiled_add,2048,128,0,30,2372108314,3317517391,780877425,73925922,14405461,2459223,14663758,2540838,0.003501424
numba_parallel_tiled_add,2048,128,0,30,10518566853,3622694677,865664509,72760987,17992089,7430092,18249507,7378309,0.003958553
numba_tiled2_add,2048,128,4,30,2758887223,6446193820,1514043861,80956629,13835419,2345118,14358738,2405283,0.006308625
numba_tiled2_add,2048,128,8,30,2788604383,5557883721,1211461706,152942545,14161542,2833917,14175819,2725983,0.006363069
numba_tiled2_add,2048,128,16,30,2797881938,5233777689,1062563926,120911109,13969267,3838846,14066786,4161544,0.005517567
numba_tiled2_add,2048,128,32,30,2382985773,3615398455,898053750,93346980,14327029,2432986,14957835,2467452,0.003807806
numba_tiled2_add,2048,128,64,30,2354744597,3383919861,814512207,80348682,15908670,2559621,15781697,2382379,0.003719190
numba_tiled_add,2048,256,0,30,2536046702,3236408561,748993521,71118394,12917339,3301705,12296276,3202162,0.004515580
numba_parallel_tiled_add,2048,256,0,30,6661325235,5665244644,1380339448,71365963,14111110,4411334,15426498,4645856,0.003281557
numba_tiled2_add,2048,256,4,30,2790247627,6490116561,1508438407,77347075,12403327,2507888,13454779,2672585,0.006474830
numba_tiled2_add,2048,256,8,30,2661206988,5553503319,1198811215,152982244,12744421,2365536,12977234,2245846,0.005828605
numba_tiled2_add,2048,256,16,30,2609781442,5210424591,1070058703,121309661,12862681,3263529,12140310,3259332,0.005336276
numba_tiled2_add,2048,256,32,30,2387798583,3629080154,892645783,93015193,13215914,2386713,13298854,2344045,0.003956718
numba_tiled2_add,2048,256,64,30,2383086670,3386170230,805740321,80316840,14577415,2523676,15339423,2594551,0.003870769
numba_tiled2_add,2048,256,128,30,2424801324,3247840655,767778947,73340495,14594643,2375267,14256270,2189655,0.004111113
numpy_mul,2048,0,0,30,23946619088,33019556286,10408666755,2457770358,30665237,10669566,32008677,10874749,0.020313061
numba_naive_mul,2048,0,0,30,3015983118785,1342875523316,534896233695,267071414118,246017862290,13146119335,245971683004,13148209617,21.329464734
numba_naive_mul_transposed,2048,0,0,30,1100015485712,1205445688674,533854463574,16794612084,70146663,7526584,71240779,7662165,7.267604145
numba_parallel_naive_mul,2048,0,0,30,5109502598723,1447335032580,536240058804,153905226098,145510105437,1920740696,145477631992,1914827890,2.471427747
numba_parallel_naive_mul_transposed,2048,0,0,30,1123840250654,1207151067473,534385046428,9290108771,63877195,3868855,62909439,3829557,0.580704293
numba_tiled_mul,2048,4,0,30,1840129073736,6264758610416,1229125124534,57157033253,16782465231,455234983,16781483554,455294544,12.061682051
numba_tiled_mul_transposed,2048,4,0,30,1450279905704,5864427952286,1299686922724,10225595301,94788809,10008339,95695565,10322098,9.571159556
numba_parallel_tiled_mul,2048,4,0,30,3297964044476,5857486315210,1147113783140,57240654371,11521123771,438869549,11518799210,437283697,1.799049720
numba_parallel_tiled_mul_transposed,2048,4,0,30,3117770217694,6781244980499,2037662414264,11648080613,154694007,13114131,153491730,13311199,1.757836095
numba_tiled_mul,2048,8,0,30,1297565645363,4673798648323,816457944964,16816098808,4551677907,255416762,4551299023,255085421,8.467455734
numba_tiled_mul_transposed,2048,8,0,30,1111095113367,4340703447737,850096291211,14408567860,79672992,5565180,81326797,5857953,7.328257945
numba_parallel_tiled_mul,2048,8,0,30,2374665181542,4492232204881,780204484711,37377268823,4639482263,391009378,4633854164,389171556,1.276676427
numba_parallel_tiled_mul_transposed,2048,8,0,30,2289458773674,4882462378925,1217969039593,22508209272,137977496,9922607,137415839,9959725,1.284285143
numba_tiled2_mul,2048,8,4,30,1767573179193,6462952893702,1275433974381,52514359558,4353599964,161150380,4353410903,161293303,11.566210096
numba_tiled2_mul_transposed,2048,8,4,30,1491787704106,6066348710033,1348555326588,21861202176,83712931,4528113,84479978,4568251,9.849210252
numba_parallel_tiled2_mul,2048,8,4,30,3328895964290,6905636786635,1698945457660,61595439981,2995551631,191457750,2989084255,190197607,1.895543993
numba_parallel_tiled2_mul_transposed,2048,8,4,30,2827695480616,5929843197809,1315401167512,29112377300,111031661,6193218,109572975,5799110,1.585035762
numba_tiled_mul,2048,16,0,30,1204142226616,4031826226938,661793214584,174241013002,2075884303,156494858,2076472464,156627463,7.958192245
numba_tiled_mul_transposed,2048,16,0,30,1014082907004,3731808355689,678410637423,62961627277,63788002,4532476,64368280,4804685,6.687487337
numba_parallel_tiled_mul,2048,16,0,30,2274377559226,3948160328692,645331822439,210693561554,1520940509,153994515,1517987676,152963197,1.254334364
numba_parallel_tiled_mul_transposed,2048,16,0,30,1942714907579,4102647800509,862692813474,62488095699,78233817,3239580,79256464,3331570,1.085149380
numba_tiled2_mul,2048,16,4,30,1642256416400,6347993091782,1247482956400,64020700157,1146813239,83214553,1145506217,83271258,10.835083887
numba_tiled2_mul_transposed,2048,16,4,30,1473662731030,5950785570141,1319285827494,19078004708,57614310,3793959,58787979,3957871,9.726336345
numba_parallel_tiled2_mul,2048,16,4,30,3150927034127,6787197662795,1668146043256,75696266202,958246593,108082552,955029876,106759446,1.803967255
numba_parallel_tiled2_mul_transposed,2048,16,4,30,2767485962120,5807562540227,1282556797608,21046836629,155482434,3775530,154210892,3557833,1.550537171
numba_tiled2_mul,2048,16,8,30,1242757476166,4696232687617,822112118394,19850661667,1157420476,93377995,1153142115,93170415,8.200437966
numba_tiled2_mul_transposed,2048,16,8,30,1135705320108,4363759752193,856180929290,22151681059,64642937,4444389,65199148,4727908,7.487553541
numba_parallel_tiled2_mul,2048,16,8,30,2515926696158,5037097646238,1026030998680,42840404905,1216349359,138627461,1210162947,137385867,1.413999931
numba_parallel_tiled2_mul_transposed,2048,16,8,30,2146102491402,4274867362098,828017832547,26947799611,154942276,3560861,155262189,3712220,1.192793406
numba_tiled_mul,2048,32,0,30,1159138309732,3740768920487,594866150058,277701224328,619030650,71514184,617819572,71491002,7.651036934
numba_tiled_mul_transposed,2048,32,0,30,969050662934,3457658506425,603090855578,40828087797,64698410,4372384,63997654,4413964,6.392443082
numba_parallel_tiled_mul,2048,32,0,30,2187784361383,3702262303248,587486166094,247375749746,957204237,60708129,950472674,59927911,1.189774051
numba_parallel_tiled_mul_transposed,2048,32,0,30,1804085865391,3744217606080,695690795237,39411217217,152924587,3345928,152472917,3182529,0.995104381
numba_tiled2_mul,2048,32,4,30,1587430384063,6306020582091,1237408326379,61269271872,414248843,38306357,415371025,38387347,10.457533210
numba_tiled2_mul_transposed,2048,32,4,30,1469566231289,5907659704503,1308576249402,12259764845,137875519,3517202,138478319,3811457,9.701581439
numba_parallel_tiled2_mul,2048,32,4,30,3105667159259,6742141109140,1656429054358,85462039513,782000456,35494531,782088848,35155200,1.775430391
numba_parallel_tiled2_mul_transposed,2048,32,4,30,2739349260295,5760973887227,1270016438972,14893344539,238282502,3421604,239058564,3815728,1.540159516
numba_tiled2_mul,2048,32,8,30,1215751664033,4682021430539,818639700539,16964753005,580915394,57372001,579685103,57429447,8.029736556
numba_tiled2_mul_transposed,2048,32,8,30,1121611580576,4349250174447,852483657741,16532917479,95696665,5070978,96653489,5139371,7.398407797
numba_parallel_tiled2_mul,2048,32,8,30,2485399761528,5022535049394,1022246412816,46675138208,717943561,73391513,714425276,72600124,1.399407061
numba_parallel_tiled2_mul_transposed,2048,32,8,30,2136407995946,4259922924506,823949070383,25550158752,252168523,3188051,250603976,2898228,1.188618502
numba_tiled2_mul,2048,32,16,30,1168832481151,4033965583772,662497871006,175903902739,626452805,71848992,625690664,71773847,7.708702667
numba_tiled2_mul_transposed,2048,32,16,30,1015527645219,3734071314337,679148086719,63386422696,66591770,4495990,67454538,4832795,6.704496482
numba_parallel_tiled2_mul,2048,32,16,30,2481362328967,4337987389692,763930768744,223521297627,732905234,54821641,729039057,53806068,1.391383168
numba_parallel_tiled2_mul_transposed,2048,32,16,30,1915659430569,3689282645991,664129205986,62281338338,193487700,3117963,192385398,2908965,1.063772081
numba_tiled_mul,2048,64,0,30,1147828636890,3601681533652,563661170510,273585362191,3023625753,21463963,3029540653,21625251,7.549709500
numba_tiled_mul_transposed,2048,64,0,30,970287271298,3326911825663,567737894862,29227218156,177616256,4063396,176018558,3965938,6.396880415
numba_parallel_tiled_mul,2048,64,0,30,2267439277564,3585047901061,560704866167,254496452728,38569178476,44358581,38551244610,43966627,1.281410966
numba_parallel_tiled_mul_transposed,2048,64,0,30,1745130128467,3572192105872,614580628224,26169810130,558830929,4387901,559583550,4694426,0.954479907
numba_tiled2_mul,2048,64,4,30,1577035628929,6288276429257,1232963294946,59682424818,1084868123,17381742,1085377301,17380869,10.360712529
numba_tiled2_mul_transposed,2048,64,4,30,1457941442912,5889126706026,1303922336089,9031057764,182950710,3256257,183793343,3387276,9.619299334
numba_parallel_tiled2_mul,2048,64,4,30,3139404936276,6723616421689,1651359471784,85547716200,6916081382,36908308,6902138283,37047310,1.811328871
numba_parallel_tiled2_mul_transposed,2048,64,4,30,2720477717572,5740879244524,1264485485174,16661965387,315946270,5248499,314972887,5319984,1.526318162
numba_tiled2_mul,2048,64,8,30,1202449539185,4676707717036,817345872671,15685453444,645399529,17404874,649442146,17570701,7.932463195
numba_tiled2_mul_transposed,2048,64,8,30,1117703996041,4343806092937,851204190045,14351021827,211123512,4212714,211821959,4190847,7.374712040
numba_parallel_tiled2_mul,2048,64,8,30,2488344580088,5016631913249,1020779248824,53144239356,1597534555,32101805,1592836752,31904836,1.386534025
numba_parallel_tiled2_mul_transposed,2048,64,8,30,2133638585712,4254554890764,822458699600,25023771170,373276482,5720634,373584045,5930107,1.185987304
numba_tiled2_mul,2048,64,16,30,1157756312612,4032097621232,662014535920,175701304803,572002451,23551827,571556912,23658778,7.639965225
numba_tiled2_mul_transposed,2048,64,16,30,1016133471817,3732389480356,678723632906,63188223220,149320460,3792439,150576655,4099517,6.702978593
numba_parallel_tiled2_mul,2048,64,16,30,2477108284441,4336233165714,763520652622,247551608410,1128409692,26460924,1124502145,26411628,1.378558485
numba_parallel_tiled2_mul_transposed,2048,64,16,30,1909535647319,3687182349193,663622458845,58873412572,274198098,4997049,272284630,4850097,1.050535361
numba_tiled2_mul,2048,64,32,30,1150202094075,3740936183179,594924487851,277778962107,444082348,27602657,444908717,27713895,7.589166401
numba_tiled2_mul_transposed,2048,64,32,30,970756929546,3457746167853,603188490023,40968490084,140158138,3968964,140869020,4060840,6.406076271
numba_parallel_tiled2_mul,2048,64,32,30,2414049015264,4028532072015,646232503983,256230631714,1115810033,20629494,1113640954,20260172,1.346075578
numba_parallel_tiled2_mul_transposed,2048,64,32,30,1808837706567,3436788788245,596037126755,39157530526,370840138,3744196,370028270,3816253,0.994106410
numba_tiled_mul,2048,128,0,30,1458967959046,3534673063718,548790587593,269636901276,242002517847,65560491,241941966140,65517913,9.605606674
numba_tiled_mul_transposed,2048,128,0,30,1106598750594,3263437702555,550680321803,23122895152,2021851878,3417942,2022060794,3433894,7.300940174
numba_parallel_tiled_mul,2048,128,0,30,3186416580261,3530130703292,548310894107,247653571196,224423929746,40280199,224397537712,40335591,1.699934597
numba_parallel_tiled_mul_transposed,2048,128,0,30,1847962354885,3488005557633,574646359368,16536640175,1412257981,12594516,1407823465,12539566,0.995181634
numba_tiled2_mul,2048,128,4,30,1675654712285,6279887170433,1230959717963,59173580694,15569398199,13795626,15565390490,13636770,11.042348855
numba_tiled2_mul_transposed,2048,128,4,30,1453856407914,5880445349313,1301732160619,7713923777,298457260,3150456,299802990,3555102,9.595355937
numba_parallel_tiled2_mul,2048,128,4,30,3213192520134,6714714231514,1648882388188,61367217654,14909463446,45417733,14900666907,45749448,1.844896186
numba_parallel_tiled2_mul_transposed,2048,128,4,30,2709790909825,5731607343920,1261864889899,15053040057,335606189,16970475,335977034,16982249,1.531285494
numba_tiled2_mul,2048,128,8,30,1215469527578,4674523570238,816817728394,15030005014,4240005527,11526795,4241591054,11735295,8.014797810
numba_tiled2_mul_transposed,2048,128,8,30,1116645684336,4341554381510,850581123889,13130549567,364344282,3521381,365449969,3654862,7.367853509
numba_parallel_tiled2_mul,2048,128,8,30,2467036125693,5013800288054,1019994193698,26572059913,5330693444,49822081,5321818559,49939478,1.390319783
numba_parallel_tiled2_mul_transposed,2048,128,8,30,2124357177057,4251730224896,821694639130,21477160100,352295702,16680918,349964858,16553436,1.187588060
numba_tiled2_mul,2048,128,16,30,1161837966614,4031611080564,661900953187,174547953194,1987697981,18946451,1986186624,19209177,7.663620503
numba_tiled2_mul_transposed,2048,128,16,30,1016218550935,3731660536350,678523056205,63106636738,203030229,3424033,203934636,3651139,6.704804224
numba_parallel_tiled2_mul,2048,128,16,30,2481676387549,4335611545392,763344266582,248717409782,1709824457,26090663,1702220442,26375020,1.396639753
numba_parallel_tiled2_mul_transposed,2048,128,16,30,1916601619610,3686420420094,663403309195,57784689483,173356660,17102469,174337021,17291812,1.068760987
numba_tiled2_mul,2048,128,32,30,1150157344381,3740772298598,594856266567,277699909366,637064485,19196012,637191161,19413465,7.590435381
numba_tiled2_mul_transposed,2048,128,32,30,970915791195,3457474507067,603129002182,41075077609,151924800,3303931,152800784,3592584,6.402340615
numba_parallel_tiled2_mul,2048,128,32,30,2419397244429,4028029041737,646162136510,259667024365,1131068704,23554722,1127893687,23811671,1.351880558
numba_parallel_tiled2_mul_transposed,2048,128,32,30,1801200686404,3436666145924,595974985016,39721210848,292508652,16469548,291470055,16440847,0.983737647
numba_tiled2_mul,2048,128,64,30,1173505584160,3601926894067,563696817808,273218488921,3255198818,17892527,3261122033,18009198,7.764737024
numba_tiled2_mul_transposed,2048,128,64,30,970763776112,3326858214915,567745942289,29200955174,213523232,3351249,214342841,3489543,6.405792974
numba_parallel_tiled2_mul,2048,128,64,30,2607104165807,3881799306658,590199945088,266627980522,42948941488,30431373,42918941958,30454546,1.448201310
numba_parallel_tiled2_mul_transposed,2048,128,64,30,1796329300387,3318620862753,564758607636,29334385794,2226290014,17677406,2225584035,18174207,0.995373764
numba_tiled_mul,2048,256,0,30,1448065989881,3500848375813,541353070644,268134673141,253406257650,77047214,253389698829,79085994,9.590951758
numba_tiled_mul_transposed,2048,256,0,30,1099196958807,3231937921607,542211879382,19818591811,1103881191,12665472,1105146581,12924610,7.261507999
numba_parallel_tiled_mul,2048,256,0,30,1927463968803,3499640676147,541375230055,268410977760,257795652488,19367254,257747768516,19455571,2.056964954
numba_parallel_tiled_mul_transposed,2048,256,0,30,1107858385054,3445146110848,554479584494,19818856894,1063674487,6325288,1063133026,6516010,1.127978792
numba_tiled2_mul,2048,256,4,30,1673371019567,6276086114612,1229981128926,58508410169,16327170411,14262173,16324350678,13949144,11.056235805
numba_tiled2_mul_transposed,2048,256,4,30,1449446565232,5876464026908,1300657045106,7063715885,160614559,4022134,161755966,4147813,9.569218490
numba_parallel_tiled2_mul,2048,256,4,30,1797384846868,6707578716167,1647058722161,54162069270,16513216614,9701413,16511325598,9686761,1.995797168
numba_parallel_tiled2_mul_transposed,2048,256,4,30,1437504400402,5725179642068,1259940010253,6874214731,182619228,6871894,182118400,6863576,1.577319818
numba_tiled2_mul,2048,256,8,30,1216337063303,4673468179878,816577768186,14908638045,4498241401,15851544,4496233058,15496634,8.021770209
numba_tiled2_mul_transposed,2048,256,8,30,1113248341994,4340395791359,850331180957,12570165143,172954015,3429365,173522527,3439796,7.347562128
numba_parallel_tiled2_mul,2048,256,8,30,1297393681208,5010831487586,1019218826883,14598883595,4475242836,9013979,4474982899,9366358,1.431164359
numba_parallel_tiled2_mul_transposed,2048,256,8,30,1116231537627,4249056069937,820972010961,12645674275,164242681,6838617,165055200,6985657,1.191682205
numba_tiled2_mul,2048,256,16,30,1163584614156,4031227405625,661792815735,174915749151,2054979467,27041206,2055088428,27781915,7.670640167
numba_tiled2_mul_transposed,2048,256,16,30,1014303609717,3731408627401,678458759277,62942354230,111550037,3273282,112971157,3482910,6.691376360
numba_parallel_tiled2_mul,2048,256,16,30,1266408770092,4333765912343,762804533726,185045396875,2072651994,9640476,2072808939,9759392,1.396199587
numba_parallel_tiled2_mul_transposed,2048,256,16,30,1042982017755,3685277816645,663023747921,63735603806,104371818,7039988,105520474,7497090,1.103844644
numba_tiled2_mul,2048,256,32,30,1150908533040,3740634511445,594867943000,277609703315,625404931,19052618,626818688,19271542,7.596520741
numba_tiled2_mul_transposed,2048,256,32,30,969187330430,3457358081263,603109689503,40766865021,88781509,3262227,89843788,3495941,6.392404901
numba_parallel_tiled2_mul,2048,256,32,30,1254626052329,4026181672313,645681306576,279184266260,636806943,9808126,638264556,10118483,1.365643462
numba_parallel_tiled2_mul_transposed,2048,256,32,30,987330307733,3435313399832,595613444357,41093469456,82544737,7311157,83268618,7859869,1.052392225
numba_tiled2_mul,2048,256,64,30,1173512702142,3601914742371,563687326009,273201632981,3329279193,10524787,3330356322,10445543,7.779531856
numba_tiled2_mul_transposed,2048,256,64,30,969412632750,3326946458683,567734018174,29183056704,162532026,2892705,163590516,3218876,6.397458089
numba_parallel_tiled2_mul,2048,256,64,30,1314698082585,3879348443068,589487701728,272670809013,3194696878,10528261,3196328158,10617932,1.409634839
numba_parallel_tiled2_mul_transposed,2048,256,64,30,992819286897,3317323628202,564382613412,29200851586,183736324,7878176,182999107,7907041,1.024360592
numba_tiled2_mul,2048,256,128,30,1453260056999,3534590104527,548764026256,269550014471,241929421569,37115385,241910917739,37381017,9.602423657
numba_tiled2_mul_transposed,2048,256,128,30,1102500745303,3263429699509,550671609312,23121856237,2049248583,2986001,2049835924,3363438,7.274231381
numba_parallel_tiled2_mul,2048,256,128,30,1866243442501,3808695257146,562238048356,269885079624,240772657849,13299490,240681140467,13431009,2.002661560
numba_parallel_tiled2_mul_transposed,2048,256,128,30,1130841304424,3260074601358,549392930011,23079939024,2051273708,10353669,2051698857,10485367,1.151594831
